phrase,class,type,operator,plural
supermarket,shop,supermarket,-,N
convenience,shop,convenience,-,N
bakery,shop,bakery,-,N
butcher,shop,butcher,-,N
greengrocer,shop,greengrocer,-,N
alcohol,shop,alcohol,-,N
beverages,shop,beverages,-,N
deli,shop,deli,-,N
confectionery,shop,confectionery,-,N
department_store,shop,department_store,-,N
mall,shop,mall,-,N
general,shop,general,-,N
variety_store,shop,variety_store,-,N
kiosk,shop,kiosk,-,N
clothes,shop,clothes,-,N
shoes,shop,shoes,-,N
electronics,shop,electronics,-,N
mobile_phone,shop,mobile_phone,-,N
computer,shop,computer,-,N
hardware,shop,hardware,-,N
doityourself,shop,doityourself,-,N
chemist,shop,chemist,-,N
cosmetics,shop,cosmetics,-,N
beauty,shop,beauty,-,N
hairdresser,shop,hairdresser,-,N
books,shop,books,-,N
stationery,shop,stationery,-,N
florist,shop,florist,-,N
furniture,shop,furniture,-,N
houseware,shop,houseware,-,N
pet,shop,pet,-,N
sports,shop,sports,-,N
toys,shop,toys,-,N
optician,shop,optician,-,N
jewelry,shop,jewelry,-,N
gift,shop,gift,-,N
restaurant,amenity,restaurant,-,N
cafe,amenity,cafe,-,N
fast_food,amenity,fast_food,-,N
bar,amenity,bar,-,N
pub,amenity,pub,-,N
food_court,amenity,food_court,-,N
ice_cream,amenity,ice_cream,-,N
pharmacy,amenity,pharmacy,-,N
fuel,amenity,fuel,-,N
marketplace,amenity,marketplace,-,N
cinema,amenity,cinema,-,N
